ID,Full Address,Token,Predicted Tag
1,นายสมชาย เข็มกลัด 25/4 ถนน พญาไท แขวง วังใหม่ เขต ปทุมวัน กรุงเทพมหานคร 10330,นายสมชาย,O
1,นายสมชาย เข็มกลัด 25/4 ถนน พญาไท แขวง วังใหม่ เขต ปทุมวัน กรุงเทพมหานคร 10330,เข็มกลัด,O
1,นายสมชาย เข็มกลัด 25/4 ถนน พญาไท แขวง วังใหม่ เขต ปทุมวัน กรุงเทพมหานคร 10330,25/4,ADDR
1,นายสมชาย เข็มกลัด 25/4 ถนน พญาไท แขวง วังใหม่ เขต ปทุมวัน กรุงเทพมหานคร 10330,ถนน,ADDR
1,นายสมชาย เข็มกลัด 25/4 ถนน พญาไท แขวง วังใหม่ เขต ปทุมวัน กรุงเทพมหานคร 10330,พญาไท,ADDR
1,นายสมชาย เข็มกลัด 25/4 ถนน พญาไท แขวง วังใหม่ เขต ปทุมวัน กรุงเทพมหานคร 10330,แขวง,ADDR
1,นายสมชาย เข็มกลัด 25/4 ถนน พญาไท แขวง วังใหม่ เขต ปทุมวัน กรุงเทพมหานคร 10330,วังใหม่,ADDR
1,นายสมชาย เข็มกลัด 25/4 ถนน พญาไท แขวง วังใหม่ เขต ปทุมวัน กรุงเทพมหานคร 10330,เขต,ADDR
1,นายสมชาย เข็มกลัด 25/4 ถนน พญาไท แขวง วังใหม่ เขต ปทุมวัน กรุงเทพมหานคร 10330,ปทุมวัน,LOC
1,นายสมชาย เข็มกลัด 25/4 ถนน พญาไท แขวง วังใหม่ เขต ปทุมวัน กรุงเทพมหานคร 10330,กรุงเทพมหานคร,LOC
1,นายสมชาย เข็มกลัด 25/4 ถนน พญาไท แขวง วังใหม่ เขต ปทุมวัน กรุงเทพมหานคร 10330,10330,POST
2,นางสาวสมหญิง จันทร์ดี 9/8 ถนน สุขุมวิท แขวง คลองตันเหนือ เขต วัฒนา กรุงเทพมหานคร 10110,นางสาวสมหญิง,O
2,นางสาวสมหญิง จันทร์ดี 9/8 ถนน สุขุมวิท แขวง คลองตันเหนือ เขต วัฒนา กรุงเทพมหานคร 10110,จันทร์ดี,O
2,นางสาวสมหญิง จันทร์ดี 9/8 ถนน สุขุมวิท แขวง คลองตันเหนือ เขต วัฒนา กรุงเทพมหานคร 10110,9/8,ADDR
2,นางสาวสมหญิง จันทร์ดี 9/8 ถนน สุขุมวิท แขวง คลองตันเหนือ เขต วัฒนา กรุงเทพมหานคร 10110,ถนน,ADDR
2,นางสาวสมหญิง จันทร์ดี 9/8 ถนน สุขุมวิท แขวง คลองตันเหนือ เขต วัฒนา กรุงเทพมหานคร 10110,สุขุมวิท,ADDR
2,นางสาวสมหญิง จันทร์ดี 9/8 ถนน สุขุมวิท แขวง คลองตันเหนือ เขต วัฒนา กรุงเทพมหานคร 10110,แขวง,ADDR
2,นางสาวสมหญิง จันทร์ดี 9/8 ถนน สุขุมวิท แขวง คลองตันเหนือ เขต วัฒนา กรุงเทพมหานคร 10110,คลองตันเหนือ,ADDR
2,นางสาวสมหญิง จันทร์ดี 9/8 ถนน สุขุมวิท แขวง คลองตันเหนือ เขต วัฒนา กรุงเทพมหานคร 10110,เขต,ADDR
2,นางสาวสมหญิง จันทร์ดี 9/8 ถนน สุขุมวิท แขวง คลองตันเหนือ เขต วัฒนา กรุงเทพมหานคร 10110,วัฒนา,LOC
2,นางสาวสมหญิง จันทร์ดี 9/8 ถนน สุขุมวิท แขวง คลองตันเหนือ เขต วัฒนา กรุงเทพมหานคร 10110,กรุงเทพมหานคร,LOC
2,นางสาวสมหญิง จันทร์ดี 9/8 ถนน สุขุมวิท แขวง คลองตันเหนือ เขต วัฒนา กรุงเทพมหานคร 10110,10110,POST
3,นายวิทยา ทองแท้ 45/7 ถนน สาธุประดิษฐ์ แขวง ช่องนนทรี เขต ยานนาวา กรุงเทพมหานคร 10120,นายวิทยา,O
3,นายวิทยา ทองแท้ 45/7 ถนน สาธุประดิษฐ์ แขวง ช่องนนทรี เขต ยานนาวา กรุงเทพมหานคร 10120,ทองแท้,O
3,นายวิทยา ทองแท้ 45/7 ถนน สาธุประดิษฐ์ แขวง ช่องนนทรี เขต ยานนาวา กรุงเทพมหานคร 10120,45/7,ADDR
3,นายวิทยา ทองแท้ 45/7 ถนน สาธุประดิษฐ์ แขวง ช่องนนทรี เขต ยานนาวา กรุงเทพมหานคร 10120,ถนน,ADDR
3,นายวิทยา ทองแท้ 45/7 ถนน สาธุประดิษฐ์ แขวง ช่องนนทรี เขต ยานนาวา กรุงเทพมหานคร 10120,สาธุประดิษฐ์,ADDR
3,นายวิทยา ทองแท้ 45/7 ถนน สาธุประดิษฐ์ แขวง ช่องนนทรี เขต ยานนาวา กรุงเทพมหานคร 10120,แขวง,ADDR
3,นายวิทยา ทองแท้ 45/7 ถนน สาธุประดิษฐ์ แขวง ช่องนนทรี เขต ยานนาวา กรุงเทพมหานคร 10120,ช่องนนทรี,ADDR
3,นายวิทยา ทองแท้ 45/7 ถนน สาธุประดิษฐ์ แขวง ช่องนนทรี เขต ยานนาวา กรุงเทพมหานคร 10120,เขต,ADDR
3,นายวิทยา ทองแท้ 45/7 ถนน สาธุประดิษฐ์ แขวง ช่องนนทรี เขต ยานนาวา กรุงเทพมหานคร 10120,ยานนาวา,LOC
3,นายวิทยา ทองแท้ 45/7 ถนน สาธุประดิษฐ์ แขวง ช่องนนทรี เขต ยานนาวา กรุงเทพมหานคร 10120,กรุงเทพมหานคร,LOC
3,นายวิทยา ทองแท้ 45/7 ถนน สาธุประดิษฐ์ แขวง ช่องนนทรี เขต ยานนาวา กรุงเทพมหานคร 10120,10120,POST
4,นางสาวอรทัย สุขสันต์ 785/2 ถนน รามอินทรา แขวง ท่าแร้ง เขต บางเขน กรุงเทพมหานคร 10220,นางสาวอรทัย,O
4,นางสาวอรทัย สุขสันต์ 785/2 ถนน รามอินทรา แขวง ท่าแร้ง เขต บางเขน กรุงเทพมหานคร 10220,สุขสันต์,O
4,นางสาวอรทัย สุขสันต์ 785/2 ถนน รามอินทรา แขวง ท่าแร้ง เขต บางเขน กรุงเทพมหานคร 10220,785/2,ADDR
4,นางสาวอรทัย สุขสันต์ 785/2 ถนน รามอินทรา แขวง ท่าแร้ง เขต บางเขน กรุงเทพมหานคร 10220,ถนน,ADDR
4,นางสาวอรทัย สุขสันต์ 785/2 ถนน รามอินทรา แขวง ท่าแร้ง เขต บางเขน กรุงเทพมหานคร 10220,รามอินทรา,ADDR
4,นางสาวอรทัย สุขสันต์ 785/2 ถนน รามอินทรา แขวง ท่าแร้ง เขต บางเขน กรุงเทพมหานคร 10220,แขวง,ADDR
4,นางสาวอรทัย สุขสันต์ 785/2 ถนน รามอินทรา แขวง ท่าแร้ง เขต บางเขน กรุงเทพมหานคร 10220,ท่าแร้ง,ADDR
4,นางสาวอรทัย สุขสันต์ 785/2 ถนน รามอินทรา แขวง ท่าแร้ง เขต บางเขน กรุงเทพมหานคร 10220,เขต,ADDR
4,นางสาวอรทัย สุขสันต์ 785/2 ถนน รามอินทรา แขวง ท่าแร้ง เขต บางเขน กรุงเทพมหานคร 10220,บางเขน,ADDR
4,นางสาวอรทัย สุขสันต์ 785/2 ถนน รามอินทรา แขวง ท่าแร้ง เขต บางเขน กรุงเทพมหานคร 10220,กรุงเทพมหานคร,LOC
4,นางสาวอรทัย สุขสันต์ 785/2 ถนน รามอินทรา แขวง ท่าแร้ง เขต บางเขน กรุงเทพมหานคร 10220,10220,POST
5,นายปกรณ์ ภักดี 130/5 ถนน สีลม แขวง สีลม เขต บางรัก กรุงเทพมหานคร 10500,นายปกรณ์,O
5,นายปกรณ์ ภักดี 130/5 ถนน สีลม แขวง สีลม เขต บางรัก กรุงเทพมหานคร 10500,ภักดี,O
5,นายปกรณ์ ภักดี 130/5 ถนน สีลม แขวง สีลม เขต บางรัก กรุงเทพมหานคร 10500,130/5,ADDR
5,นายปกรณ์ ภักดี 130/5 ถนน สีลม แขวง สีลม เขต บางรัก กรุงเทพมหานคร 10500,ถนน,ADDR
5,นายปกรณ์ ภักดี 130/5 ถนน สีลม แขวง สีลม เขต บางรัก กรุงเทพมหานคร 10500,สีลม,LOC
5,นายปกรณ์ ภักดี 130/5 ถนน สีลม แขวง สีลม เขต บางรัก กรุงเทพมหานคร 10500,แขวง,LOC
5,นายปกรณ์ ภักดี 130/5 ถนน สีลม แขวง สีลม เขต บางรัก กรุงเทพมหานคร 10500,สีลม,LOC
5,นายปกรณ์ ภักดี 130/5 ถนน สีลม แขวง สีลม เขต บางรัก กรุงเทพมหานคร 10500,เขต,LOC
5,นายปกรณ์ ภักดี 130/5 ถนน สีลม แขวง สีลม เขต บางรัก กรุงเทพมหานคร 10500,บางรัก,LOC
5,นายปกรณ์ ภักดี 130/5 ถนน สีลม แขวง สีลม เขต บางรัก กรุงเทพมหานคร 10500,กรุงเทพมหานคร,LOC
5,นายปกรณ์ ภักดี 130/5 ถนน สีลม แขวง สีลม เขต บางรัก กรุงเทพมหานคร 10500,10500,POST
6,นางสาวยุพา เพ็ชรรัตน์ 52/6 ถนน ลาดพร้าว แขวง จอมพล เขต จตุจักร กรุงเทพมหานคร 10900,นางสาวยุพา,O
6,นางสาวยุพา เพ็ชรรัตน์ 52/6 ถนน ลาดพร้าว แขวง จอมพล เขต จตุจักร กรุงเทพมหานคร 10900,เพ็ชรรัตน์,O
6,นางสาวยุพา เพ็ชรรัตน์ 52/6 ถนน ลาดพร้าว แขวง จอมพล เขต จตุจักร กรุงเทพมหานคร 10900,52/6,ADDR
6,นางสาวยุพา เพ็ชรรัตน์ 52/6 ถนน ลาดพร้าว แขวง จอมพล เขต จตุจักร กรุงเทพมหานคร 10900,ถนน,ADDR
6,นางสาวยุพา เพ็ชรรัตน์ 52/6 ถนน ลาดพร้าว แขวง จอมพล เขต จตุจักร กรุงเทพมหานคร 10900,ลาดพร้าว,ADDR
6,นางสาวยุพา เพ็ชรรัตน์ 52/6 ถนน ลาดพร้าว แขวง จอมพล เขต จตุจักร กรุงเทพมหานคร 10900,แขวง,ADDR
6,นางสาวยุพา เพ็ชรรัตน์ 52/6 ถนน ลาดพร้าว แขวง จอมพล เขต จตุจักร กรุงเทพมหานคร 10900,จอมพล,ADDR
6,นางสาวยุพา เพ็ชรรัตน์ 52/6 ถนน ลาดพร้าว แขวง จอมพล เขต จตุจักร กรุงเทพมหานคร 10900,เขต,ADDR
6,นางสาวยุพา เพ็ชรรัตน์ 52/6 ถนน ลาดพร้าว แขวง จอมพล เขต จตุจักร กรุงเทพมหานคร 10900,จตุจักร,LOC
6,นางสาวยุพา เพ็ชรรัตน์ 52/6 ถนน ลาดพร้าว แขวง จอมพล เขต จตุจักร กรุงเทพมหานคร 10900,กรุงเทพมหานคร,LOC
6,นางสาวยุพา เพ็ชรรัตน์ 52/6 ถนน ลาดพร้าว แขวง จอมพล เขต จตุจักร กรุงเทพมหานคร 10900,10900,POST
7,นายชาญชัย กุลศรี 67 ถนน ประชาอุทิศ แขวง ราษฎร์บูรณะ เขต ราษฎร์บูรณะ กรุงเทพมหานคร 10140,นายชาญชัย,O
7,นายชาญชัย กุลศรี 67 ถนน ประชาอุทิศ แขวง ราษฎร์บูรณะ เขต ราษฎร์บูรณะ กรุงเทพมหานคร 10140,กุลศรี,O
7,นายชาญชัย กุลศรี 67 ถนน ประชาอุทิศ แขวง ราษฎร์บูรณะ เขต ราษฎร์บูรณะ กรุงเทพมหานคร 10140,67,ADDR
7,นายชาญชัย กุลศรี 67 ถนน ประชาอุทิศ แขวง ราษฎร์บูรณะ เขต ราษฎร์บูรณะ กรุงเทพมหานคร 10140,ถนน,ADDR
7,นายชาญชัย กุลศรี 67 ถนน ประชาอุทิศ แขวง ราษฎร์บูรณะ เขต ราษฎร์บูรณะ กรุงเทพมหานคร 10140,ประชาอุทิศ,ADDR
7,นายชาญชัย กุลศรี 67 ถนน ประชาอุทิศ แขวง ราษฎร์บูรณะ เขต ราษฎร์บูรณะ กรุงเทพมหานคร 10140,แขวง,ADDR
7,นายชาญชัย กุลศรี 67 ถนน ประชาอุทิศ แขวง ราษฎร์บูรณะ เขต ราษฎร์บูรณะ กรุงเทพมหานคร 10140,ราษฎร์บูรณะ,ADDR
7,นายชาญชัย กุลศรี 67 ถนน ประชาอุทิศ แขวง ราษฎร์บูรณะ เขต ราษฎร์บูรณะ กรุงเทพมหานคร 10140,เขต,ADDR
7,นายชาญชัย กุลศรี 67 ถนน ประชาอุทิศ แขวง ราษฎร์บูรณะ เขต ราษฎร์บูรณะ กรุงเทพมหานคร 10140,ราษฎร์บูรณะ,ADDR
7,นายชาญชัย กุลศรี 67 ถนน ประชาอุทิศ แขวง ราษฎร์บูรณะ เขต ราษฎร์บูรณะ กรุงเทพมหานคร 10140,กรุงเทพมหานคร,LOC
7,นายชาญชัย กุลศรี 67 ถนน ประชาอุทิศ แขวง ราษฎร์บูรณะ เขต ราษฎร์บูรณะ กรุงเทพมหานคร 10140,10140,POST
8,นายสมบูรณ์ วัฒนะ 321 ถนน เพชรบุรี แขวง มักกะสัน เขต ราชเทวี กรุงเทพมหานคร 10400,นายสมบูรณ์,ADDR
8,นายสมบูรณ์ วัฒนะ 321 ถนน เพชรบุรี แขวง มักกะสัน เขต ราชเทวี กรุงเทพมหานคร 10400,วัฒนะ,ADDR
8,นายสมบูรณ์ วัฒนะ 321 ถนน เพชรบุรี แขวง มักกะสัน เขต ราชเทวี กรุงเทพมหานคร 10400,321,ADDR
8,นายสมบูรณ์ วัฒนะ 321 ถนน เพชรบุรี แขวง มักกะสัน เขต ราชเทวี กรุงเทพมหานคร 10400,ถนน,ADDR
8,นายสมบูรณ์ วัฒนะ 321 ถนน เพชรบุรี แขวง มักกะสัน เขต ราชเทวี กรุงเทพมหานคร 10400,เพชรบุรี,ADDR
8,นายสมบูรณ์ วัฒนะ 321 ถนน เพชรบุรี แขวง มักกะสัน เขต ราชเทวี กรุงเทพมหานคร 10400,แขวง,ADDR
8,นายสมบูรณ์ วัฒนะ 321 ถนน เพชรบุรี แขวง มักกะสัน เขต ราชเทวี กรุงเทพมหานคร 10400,มักกะสัน,ADDR
8,นายสมบูรณ์ วัฒนะ 321 ถนน เพชรบุรี แขวง มักกะสัน เขต ราชเทวี กรุงเทพมหานคร 10400,เขต,ADDR
8,นายสมบูรณ์ วัฒนะ 321 ถนน เพชรบุรี แขวง มักกะสัน เขต ราชเทวี กรุงเทพมหานคร 10400,ราชเทวี,ADDR
8,นายสมบูรณ์ วัฒนะ 321 ถนน เพชรบุรี แขวง มักกะสัน เขต ราชเทวี กรุงเทพมหานคร 10400,กรุงเทพมหานคร,LOC
8,นายสมบูรณ์ วัฒนะ 321 ถนน เพชรบุรี แขวง มักกะสัน เขต ราชเทวี กรุงเทพมหานคร 10400,10400,POST
9,นางสาวสุภาวดี อ่อนนุช 23 ถนน พระราม 4 แขวง คลองเตย เขต คลองเตย กรุงเทพมหานคร 10110,นางสาวสุภาวดี,O
9,นางสาวสุภาวดี อ่อนนุช 23 ถนน พระราม 4 แขวง คลองเตย เขต คลองเตย กรุงเทพมหานคร 10110,อ่อนนุช,O
9,นางสาวสุภาวดี อ่อนนุช 23 ถนน พระราม 4 แขวง คลองเตย เขต คลองเตย กรุงเทพมหานคร 10110,23,ADDR
9,นางสาวสุภาวดี อ่อนนุช 23 ถนน พระราม 4 แขวง คลองเตย เขต คลองเตย กรุงเทพมหานคร 10110,ถนน,ADDR
9,นางสาวสุภาวดี อ่อนนุช 23 ถนน พระราม 4 แขวง คลองเตย เขต คลองเตย กรุงเทพมหานคร 10110,พระราม,ADDR
9,นางสาวสุภาวดี อ่อนนุช 23 ถนน พระราม 4 แขวง คลองเตย เขต คลองเตย กรุงเทพมหานคร 10110,4,ADDR
9,นางสาวสุภาวดี อ่อนนุช 23 ถนน พระราม 4 แขวง คลองเตย เขต คลองเตย กรุงเทพมหานคร 10110,แขวง,ADDR
9,นางสาวสุภาวดี อ่อนนุช 23 ถนน พระราม 4 แขวง คลองเตย เขต คลองเตย กรุงเทพมหานคร 10110,คลองเตย,ADDR
9,นางสาวสุภาวดี อ่อนนุช 23 ถนน พระราม 4 แขวง คลองเตย เขต คลองเตย กรุงเทพมหานคร 10110,เขต,ADDR
9,นางสาวสุภาวดี อ่อนนุช 23 ถนน พระราม 4 แขวง คลองเตย เขต คลองเตย กรุงเทพมหานคร 10110,คลองเตย,ADDR
9,นางสาวสุภาวดี อ่อนนุช 23 ถนน พระราม 4 แขวง คลองเตย เขต คลองเตย กรุงเทพมหานคร 10110,กรุงเทพมหานคร,LOC
9,นางสาวสุภาวดี อ่อนนุช 23 ถนน พระราม 4 แขวง คลองเตย เขต คลองเตย กรุงเทพมหานคร 10110,10110,POST
10,นายพงศ์ศักดิ์ คำดี 187 ถนน จรัญสนิทวงศ์ แขวง บางยี่ขัน เขต บางพลัด กรุงเทพมหานคร 10700,นายพงศ์ศักดิ์,O
10,นายพงศ์ศักดิ์ คำดี 187 ถนน จรัญสนิทวงศ์ แขวง บางยี่ขัน เขต บางพลัด กรุงเทพมหานคร 10700,คำดี,O
10,นายพงศ์ศักดิ์ คำดี 187 ถนน จรัญสนิทวงศ์ แขวง บางยี่ขัน เขต บางพลัด กรุงเทพมหานคร 10700,187,ADDR
10,นายพงศ์ศักดิ์ คำดี 187 ถนน จรัญสนิทวงศ์ แขวง บางยี่ขัน เขต บางพลัด กรุงเทพมหานคร 10700,ถนน,ADDR
10,นายพงศ์ศักดิ์ คำดี 187 ถนน จรัญสนิทวงศ์ แขวง บางยี่ขัน เขต บางพลัด กรุงเทพมหานคร 10700,จรัญสนิทวงศ์,ADDR
10,นายพงศ์ศักดิ์ คำดี 187 ถนน จรัญสนิทวงศ์ แขวง บางยี่ขัน เขต บางพลัด กรุงเทพมหานคร 10700,แขวง,ADDR
10,นายพงศ์ศักดิ์ คำดี 187 ถนน จรัญสนิทวงศ์ แขวง บางยี่ขัน เขต บางพลัด กรุงเทพมหานคร 10700,บางยี่ขัน,ADDR
10,นายพงศ์ศักดิ์ คำดี 187 ถนน จรัญสนิทวงศ์ แขวง บางยี่ขัน เขต บางพลัด กรุงเทพมหานคร 10700,เขต,ADDR
10,นายพงศ์ศักดิ์ คำดี 187 ถนน จรัญสนิทวงศ์ แขวง บางยี่ขัน เขต บางพลัด กรุงเทพมหานคร 10700,บางพลัด,ADDR
10,นายพงศ์ศักดิ์ คำดี 187 ถนน จรัญสนิทวงศ์ แขวง บางยี่ขัน เขต บางพลัด กรุงเทพมหานคร 10700,กรุงเทพมหานคร,LOC
10,นายพงศ์ศักดิ์ คำดี 187 ถนน จรัญสนิทวงศ์ แขวง บางยี่ขัน เขต บางพลัด กรุงเทพมหานคร 10700,10700,POST
11,นางสาวอัจฉรา แสงสว่าง 90 ถนน เจริญนคร แขวง คลองสาน เขต คลองสาน กรุงเทพมหานคร 10600,นางสาวอัจฉรา,O
11,นางสาวอัจฉรา แสงสว่าง 90 ถนน เจริญนคร แขวง คลองสาน เขต คลองสาน กรุงเทพมหานคร 10600,แสงสว่าง,O
11,นางสาวอัจฉรา แสงสว่าง 90 ถนน เจริญนคร แขวง คลองสาน เขต คลองสาน กรุงเทพมหานคร 10600,90,ADDR
11,นางสาวอัจฉรา แสงสว่าง 90 ถนน เจริญนคร แขวง คลองสาน เขต คลองสาน กรุงเทพมหานคร 10600,ถนน,ADDR
11,นางสาวอัจฉรา แสงสว่าง 90 ถนน เจริญนคร แขวง คลองสาน เขต คลองสาน กรุงเทพมหานคร 10600,เจริญนคร,ADDR
11,นางสาวอัจฉรา แสงสว่าง 90 ถนน เจริญนคร แขวง คลองสาน เขต คลองสาน กรุงเทพมหานคร 10600,แขวง,ADDR
11,นางสาวอัจฉรา แสงสว่าง 90 ถนน เจริญนคร แขวง คลองสาน เขต คลองสาน กรุงเทพมหานคร 10600,คลองสาน,ADDR
11,นางสาวอัจฉรา แสงสว่าง 90 ถนน เจริญนคร แขวง คลองสาน เขต คลองสาน กรุงเทพมหานคร 10600,เขต,ADDR
11,นางสาวอัจฉรา แสงสว่าง 90 ถนน เจริญนคร แขวง คลองสาน เขต คลองสาน กรุงเทพมหานคร 10600,คลองสาน,ADDR
11,นางสาวอัจฉรา แสงสว่าง 90 ถนน เจริญนคร แขวง คลองสาน เขต คลองสาน กรุงเทพมหานคร 10600,กรุงเทพมหานคร,LOC
11,นางสาวอัจฉรา แสงสว่าง 90 ถนน เจริญนคร แขวง คลองสาน เขต คลองสาน กรุงเทพมหานคร 10600,10600,POST
12,นายกิตติพงษ์ ใจกล้า 19 ถนน พหลโยธิน แขวง เสนานิคม เขต จตุจักร กรุงเทพมหานคร 10900,นายกิตติพงษ์,O
12,นายกิตติพงษ์ ใจกล้า 19 ถนน พหลโยธิน แขวง เสนานิคม เขต จตุจักร กรุงเทพมหานคร 10900,ใจกล้า,O
12,นายกิตติพงษ์ ใจกล้า 19 ถนน พหลโยธิน แขวง เสนานิคม เขต จตุจักร กรุงเทพมหานคร 10900,19,ADDR
12,นายกิตติพงษ์ ใจกล้า 19 ถนน พหลโยธิน แขวง เสนานิคม เขต จตุจักร กรุงเทพมหานคร 10900,ถนน,ADDR
12,นายกิตติพงษ์ ใจกล้า 19 ถนน พหลโยธิน แขวง เสนานิคม เขต จตุจักร กรุงเทพมหานคร 10900,พหลโยธิน,ADDR
12,นายกิตติพงษ์ ใจกล้า 19 ถนน พหลโยธิน แขวง เสนานิคม เขต จตุจักร กรุงเทพมหานคร 10900,แขวง,ADDR
12,นายกิตติพงษ์ ใจกล้า 19 ถนน พหลโยธิน แขวง เสนานิคม เขต จตุจักร กรุงเทพมหานคร 10900,เสนานิคม,ADDR
12,นายกิตติพงษ์ ใจกล้า 19 ถนน พหลโยธิน แขวง เสนานิคม เขต จตุจักร กรุงเทพมหานคร 10900,เขต,ADDR
12,นายกิตติพงษ์ ใจกล้า 19 ถนน พหลโยธิน แขวง เสนานิคม เขต จตุจักร กรุงเทพมหานคร 10900,จตุจักร,LOC
12,นายกิตติพงษ์ ใจกล้า 19 ถนน พหลโยธิน แขวง เสนานิคม เขต จตุจักร กรุงเทพมหานคร 10900,กรุงเทพมหานคร,LOC
12,นายกิตติพงษ์ ใจกล้า 19 ถนน พหลโยธิน แขวง เสนานิคม เขต จตุจักร กรุงเทพมหานคร 10900,10900,POST

############################################

13,นางสาวมณีรัตน์ 77/4 ถนน พระราม 9 แขวง ห้วยขวาง เขต ห้วยขวาง กรุงเทพมหานคร 10310,นางสาวมณีรัตน์,O
13,นางสาวมณีรัตน์ 77/4 ถนน พระราม 9 แขวง ห้วยขวาง เขต ห้วยขวาง กรุงเทพมหานคร 10310,77/4,ADDR
13,นางสาวมณีรัตน์ 77/4 ถนน พระราม 9 แขวง ห้วยขวาง เขต ห้วยขวาง กรุงเทพมหานคร 10310,ถนน,ADDR
13,นางสาวมณีรัตน์ 77/4 ถนน พระราม 9 แขวง ห้วยขวาง เขต ห้วยขวาง กรุงเทพมหานคร 10310,พระราม,ADDR
13,นางสาวมณีรัตน์ 77/4 ถนน พระราม 9 แขวง ห้วยขวาง เขต ห้วยขวาง กรุงเทพมหานคร 10310,9,ADDR
13,นางสาวมณีรัตน์ 77/4 ถนน พระราม 9 แขวง ห้วยขวาง เขต ห้วยขวาง กรุงเทพมหานคร 10310,แขวง,ADDR
13,นางสาวมณีรัตน์ 77/4 ถนน พระราม 9 แขวง ห้วยขวาง เขต ห้วยขวาง กรุงเทพมหานคร 10310,ห้วยขวาง,ADDR
13,นางสาวมณีรัตน์ 77/4 ถนน พระราม 9 แขวง ห้วยขวาง เขต ห้วยขวาง กรุงเทพมหานคร 10310,เขต,ADDR
13,นางสาวมณีรัตน์ 77/4 ถนน พระราม 9 แขวง ห้วยขวาง เขต ห้วยขวาง กรุงเทพมหานคร 10310,ห้วยขวาง,LOC
13,นางสาวมณีรัตน์ 77/4 ถนน พระราม 9 แขวง ห้วยขวาง เขต ห้วยขวาง กรุงเทพมหานคร 10310,กรุงเทพมหานคร,LOC
13,นางสาวมณีรัตน์ 77/4 ถนน พระราม 9 แขวง ห้วยขวาง เขต ห้วยขวาง กรุงเทพมหานคร 10310,10310,POST
14,นายวิชัย 42/8 ถนน รัชดาภิเษก แขวง สามเสนนอก เขต ห้วยขวาง กรุงเทพมหานคร 10310,นายวิชัย,ADDR
14,นายวิชัย 42/8 ถนน รัชดาภิเษก แขวง สามเสนนอก เขต ห้วยขวาง กรุงเทพมหานคร 10310,42/8,ADDR
14,นายวิชัย 42/8 ถนน รัชดาภิเษก แขวง สามเสนนอก เขต ห้วยขวาง กรุงเทพมหานคร 10310,ถนน,ADDR
14,นายวิชัย 42/8 ถนน รัชดาภิเษก แขวง สามเสนนอก เขต ห้วยขวาง กรุงเทพมหานคร 10310,รัชดาภิเษก,ADDR
14,นายวิชัย 42/8 ถนน รัชดาภิเษก แขวง สามเสนนอก เขต ห้วยขวาง กรุงเทพมหานคร 10310,แขวง,ADDR
14,นายวิชัย 42/8 ถนน รัชดาภิเษก แขวง สามเสนนอก เขต ห้วยขวาง กรุงเทพมหานคร 10310,สามเสนนอก,ADDR
14,นายวิชัย 42/8 ถนน รัชดาภิเษก แขวง สามเสนนอก เขต ห้วยขวาง กรุงเทพมหานคร 10310,เขต,ADDR
14,นายวิชัย 42/8 ถนน รัชดาภิเษก แขวง สามเสนนอก เขต ห้วยขวาง กรุงเทพมหานคร 10310,ห้วยขวาง,LOC
14,นายวิชัย 42/8 ถนน รัชดาภิเษก แขวง สามเสนนอก เขต ห้วยขวาง กรุงเทพมหานคร 10310,กรุงเทพมหานคร,LOC
14,นายวิชัย 42/8 ถนน รัชดาภิเษก แขวง สามเสนนอก เขต ห้วยขวาง กรุงเทพมหานคร 10310,10310,POST
15,นางสาววนิดา 156/3 ถนน วังทองหลาง แขวง วังทองหลาง เขต วังทองหลาง กรุงเทพมหานคร 10310,นางสาววนิดา,O
15,นางสาววนิดา 156/3 ถนน วังทองหลาง แขวง วังทองหลาง เขต วังทองหลาง กรุงเทพมหานคร 10310,156/3,ADDR
15,นางสาววนิดา 156/3 ถนน วังทองหลาง แขวง วังทองหลาง เขต วังทองหลาง กรุงเทพมหานคร 10310,ถนน,ADDR
15,นางสาววนิดา 156/3 ถนน วังทองหลาง แขวง วังทองหลาง เขต วังทองหลาง กรุงเทพมหานคร 10310,วังทองหลาง,ADDR
15,นางสาววนิดา 156/3 ถนน วังทองหลาง แขวง วังทองหลาง เขต วังทองหลาง กรุงเทพมหานคร 10310,แขวง,ADDR
15,นางสาววนิดา 156/3 ถนน วังทองหลาง แขวง วังทองหลาง เขต วังทองหลาง กรุงเทพมหานคร 10310,วังทองหลาง,ADDR
15,นางสาววนิดา 156/3 ถนน วังทองหลาง แขวง วังทองหลาง เขต วังทองหลาง กรุงเทพมหานคร 10310,เขต,ADDR
15,นางสาววนิดา 156/3 ถนน วังทองหลาง แขวง วังทองหลาง เขต วังทองหลาง กรุงเทพมหานคร 10310,วังทองหลาง,ADDR
15,นางสาววนิดา 156/3 ถนน วังทองหลาง แขวง วังทองหลาง เขต วังทองหลาง กรุงเทพมหานคร 10310,กรุงเทพมหานคร,LOC
15,นางสาววนิดา 156/3 ถนน วังทองหลาง แขวง วังทองหลาง เขต วังทองหลาง กรุงเทพมหานคร 10310,10310,POST
16,นายสันติ 211/1 ถนน จรัญสนิทวงศ์ แขวง บางอ้อ เขต บางพลัด กรุงเทพมหานคร 10700,นายสันติ,O
16,นายสันติ 211/1 ถนน จรัญสนิทวงศ์ แขวง บางอ้อ เขต บางพลัด กรุงเทพมหานคร 10700,211/1,ADDR
16,นายสันติ 211/1 ถนน จรัญสนิทวงศ์ แขวง บางอ้อ เขต บางพลัด กรุงเทพมหานคร 10700,ถนน,ADDR
16,นายสันติ 211/1 ถนน จรัญสนิทวงศ์ แขวง บางอ้อ เขต บางพลัด กรุงเทพมหานคร 10700,จรัญสนิทวงศ์,ADDR
16,นายสันติ 211/1 ถนน จรัญสนิทวงศ์ แขวง บางอ้อ เขต บางพลัด กรุงเทพมหานคร 10700,แขวง,ADDR
16,นายสันติ 211/1 ถนน จรัญสนิทวงศ์ แขวง บางอ้อ เขต บางพลัด กรุงเทพมหานคร 10700,บางอ้อ,ADDR
16,นายสันติ 211/1 ถนน จรัญสนิทวงศ์ แขวง บางอ้อ เขต บางพลัด กรุงเทพมหานคร 10700,เขต,ADDR
16,นายสันติ 211/1 ถนน จรัญสนิทวงศ์ แขวง บางอ้อ เขต บางพลัด กรุงเทพมหานคร 10700,บางพลัด,ADDR
16,นายสันติ 211/1 ถนน จรัญสนิทวงศ์ แขวง บางอ้อ เขต บางพลัด กรุงเทพมหานคร 10700,กรุงเทพมหานคร,LOC
16,นายสันติ 211/1 ถนน จรัญสนิทวงศ์ แขวง บางอ้อ เขต บางพลัด กรุงเทพมหานคร 10700,10700,POST
17,นางสาวทิพย์วรรณ 6/8 ถนน สุขสวัสดิ์ แขวง บางปะกอก เขต ราษฎร์บูรณะ กรุงเทพมหานคร 10140,นางสาวทิพย์วรรณ,O
17,นางสาวทิพย์วรรณ 6/8 ถนน สุขสวัสดิ์ แขวง บางปะกอก เขต ราษฎร์บูรณะ กรุงเทพมหานคร 10140,6/8,ADDR
17,นางสาวทิพย์วรรณ 6/8 ถนน สุขสวัสดิ์ แขวง บางปะกอก เขต ราษฎร์บูรณะ กรุงเทพมหานคร 10140,ถนน,ADDR
17,นางสาวทิพย์วรรณ 6/8 ถนน สุขสวัสดิ์ แขวง บางปะกอก เขต ราษฎร์บูรณะ กรุงเทพมหานคร 10140,สุขสวัสดิ์,ADDR
17,นางสาวทิพย์วรรณ 6/8 ถนน สุขสวัสดิ์ แขวง บางปะกอก เขต ราษฎร์บูรณะ กรุงเทพมหานคร 10140,แขวง,ADDR
17,นางสาวทิพย์วรรณ 6/8 ถนน สุขสวัสดิ์ แขวง บางปะกอก เขต ราษฎร์บูรณะ กรุงเทพมหานคร 10140,บางปะกอก,ADDR
17,นางสาวทิพย์วรรณ 6/8 ถนน สุขสวัสดิ์ แขวง บางปะกอก เขต ราษฎร์บูรณะ กรุงเทพมหานคร 10140,เขต,ADDR
17,นางสาวทิพย์วรรณ 6/8 ถนน สุขสวัสดิ์ แขวง บางปะกอก เขต ราษฎร์บูรณะ กรุงเทพมหานคร 10140,ราษฎร์บูรณะ,ADDR
17,นางสาวทิพย์วรรณ 6/8 ถนน สุขสวัสดิ์ แขวง บางปะกอก เขต ราษฎร์บูรณะ กรุงเทพมหานคร 10140,กรุงเทพมหานคร,LOC
17,นางสาวทิพย์วรรณ 6/8 ถนน สุขสวัสดิ์ แขวง บางปะกอก เขต ราษฎร์บูรณะ กรุงเทพมหานคร 10140,10140,POST
18,นายประดิษฐ์ 10/9 ถนน วิภาวดีรังสิต แขวง สีกัน เขต ดอนเมือง กรุงเทพมหานคร 10210,นายประดิษฐ์,O
18,นายประดิษฐ์ 10/9 ถนน วิภาวดีรังสิต แขวง สีกัน เขต ดอนเมือง กรุงเทพมหานคร 10210,10/9,ADDR
18,นายประดิษฐ์ 10/9 ถนน วิภาวดีรังสิต แขวง สีกัน เขต ดอนเมือง กรุงเทพมหานคร 10210,ถนน,ADDR
18,นายประดิษฐ์ 10/9 ถนน วิภาวดีรังสิต แขวง สีกัน เขต ดอนเมือง กรุงเทพมหานคร 10210,วิภาวดีรังสิต,ADDR
18,นายประดิษฐ์ 10/9 ถนน วิภาวดีรังสิต แขวง สีกัน เขต ดอนเมือง กรุงเทพมหานคร 10210,แขวง,ADDR
18,นายประดิษฐ์ 10/9 ถนน วิภาวดีรังสิต แขวง สีกัน เขต ดอนเมือง กรุงเทพมหานคร 10210,สีกัน,ADDR
18,นายประดิษฐ์ 10/9 ถนน วิภาวดีรังสิต แขวง สีกัน เขต ดอนเมือง กรุงเทพมหานคร 10210,เขต,ADDR
18,นายประดิษฐ์ 10/9 ถนน วิภาวดีรังสิต แขวง สีกัน เขต ดอนเมือง กรุงเทพมหานคร 10210,ดอนเมือง,LOC
18,นายประดิษฐ์ 10/9 ถนน วิภาวดีรังสิต แขวง สีกัน เขต ดอนเมือง กรุงเทพมหานคร 10210,กรุงเทพมหานคร,LOC
18,นายประดิษฐ์ 10/9 ถนน วิภาวดีรังสิต แขวง สีกัน เขต ดอนเมือง กรุงเทพมหานคร 10210,10210,POST
19,นางสาวอารยา 84 ถนน นวมินทร์ แขวง นวลจันทร์ เขต บึงกุ่ม กรุงเทพมหานคร 10230,นางสาวอารยา,ADDR
19,นางสาวอารยา 84 ถนน นวมินทร์ แขวง นวลจันทร์ เขต บึงกุ่ม กรุงเทพมหานคร 10230,84,ADDR
19,นางสาวอารยา 84 ถนน นวมินทร์ แขวง นวลจันทร์ เขต บึงกุ่ม กรุงเทพมหานคร 10230,ถนน,ADDR
19,นางสาวอารยา 84 ถนน นวมินทร์ แขวง นวลจันทร์ เขต บึงกุ่ม กรุงเทพมหานคร 10230,นวมินทร์,LOC
19,นางสาวอารยา 84 ถนน นวมินทร์ แขวง นวลจันทร์ เขต บึงกุ่ม กรุงเทพมหานคร 10230,แขวง,LOC
19,นางสาวอารยา 84 ถนน นวมินทร์ แขวง นวลจันทร์ เขต บึงกุ่ม กรุงเทพมหานคร 10230,นวลจันทร์,LOC
19,นางสาวอารยา 84 ถนน นวมินทร์ แขวง นวลจันทร์ เขต บึงกุ่ม กรุงเทพมหานคร 10230,เขต,LOC
19,นางสาวอารยา 84 ถนน นวมินทร์ แขวง นวลจันทร์ เขต บึงกุ่ม กรุงเทพมหานคร 10230,บึงกุ่ม,LOC
19,นางสาวอารยา 84 ถนน นวมินทร์ แขวง นวลจันทร์ เขต บึงกุ่ม กรุงเทพมหานคร 10230,กรุงเทพมหานคร,LOC
19,นางสาวอารยา 84 ถนน นวมินทร์ แขวง นวลจันทร์ เขต บึงกุ่ม กรุงเทพมหานคร 10230,10230,POST
20,นายเดชา 250 ถนน ราชดำเนินกลาง แขวง บวรนิเวศ เขต พระนคร กรุงเทพมหานคร 10200,นายเดชา,O
20,นายเดชา 250 ถนน ราชดำเนินกลาง แขวง บวรนิเวศ เขต พระนคร กรุงเทพมหานคร 10200,250,ADDR
20,นายเดชา 250 ถนน ราชดำเนินกลาง แขวง บวรนิเวศ เขต พระนคร กรุงเทพมหานคร 10200,ถนน,ADDR
20,นายเดชา 250 ถนน ราชดำเนินกลาง แขวง บวรนิเวศ เขต พระนคร กรุงเทพมหานคร 10200,ราชดำเนินกลาง,ADDR
20,นายเดชา 250 ถนน ราชดำเนินกลาง แขวง บวรนิเวศ เขต พระนคร กรุงเทพมหานคร 10200,แขวง,ADDR
20,นายเดชา 250 ถนน ราชดำเนินกลาง แขวง บวรนิเวศ เขต พระนคร กรุงเทพมหานคร 10200,บวรนิเวศ,ADDR
20,นายเดชา 250 ถนน ราชดำเนินกลาง แขวง บวรนิเวศ เขต พระนคร กรุงเทพมหานคร 10200,เขต,ADDR
20,นายเดชา 250 ถนน ราชดำเนินกลาง แขวง บวรนิเวศ เขต พระนคร กรุงเทพมหานคร 10200,พระนคร,ADDR
20,นายเดชา 250 ถนน ราชดำเนินกลาง แขวง บวรนิเวศ เขต พระนคร กรุงเทพมหานคร 10200,กรุงเทพมหานคร,LOC
20,นายเดชา 250 ถนน ราชดำเนินกลาง แขวง บวรนิเวศ เขต พระนคร กรุงเทพมหานคร 10200,10200,POST
21,นางสาวปราณี 35 ถนน เทพรัตน์ แขวง ตลาดบางเขน เขต หลักสี่ กรุงเทพมหานคร 10210,นางสาวปราณี,O
21,นางสาวปราณี 35 ถนน เทพรัตน์ แขวง ตลาดบางเขน เขต หลักสี่ กรุงเทพมหานคร 10210,35,ADDR
21,นางสาวปราณี 35 ถนน เทพรัตน์ แขวง ตลาดบางเขน เขต หลักสี่ กรุงเทพมหานคร 10210,ถนน,ADDR
21,นางสาวปราณี 35 ถนน เทพรัตน์ แขวง ตลาดบางเขน เขต หลักสี่ กรุงเทพมหานคร 10210,เทพรัตน์,ADDR
21,นางสาวปราณี 35 ถนน เทพรัตน์ แขวง ตลาดบางเขน เขต หลักสี่ กรุงเทพมหานคร 10210,แขวง,ADDR
21,นางสาวปราณี 35 ถนน เทพรัตน์ แขวง ตลาดบางเขน เขต หลักสี่ กรุงเทพมหานคร 10210,ตลาดบางเขน,ADDR
21,นางสาวปราณี 35 ถนน เทพรัตน์ แขวง ตลาดบางเขน เขต หลักสี่ กรุงเทพมหานคร 10210,เขต,ADDR
21,นางสาวปราณี 35 ถนน เทพรัตน์ แขวง ตลาดบางเขน เขต หลักสี่ กรุงเทพมหานคร 10210,หลักสี่,ADDR
21,นางสาวปราณี 35 ถนน เทพรัตน์ แขวง ตลาดบางเขน เขต หลักสี่ กรุงเทพมหานคร 10210,กรุงเทพมหานคร,LOC
21,นางสาวปราณี 35 ถนน เทพรัตน์ แขวง ตลาดบางเขน เขต หลักสี่ กรุงเทพมหานคร 10210,10210,POST
22,นายอดิศร 41 ถนน เจริญกรุง แขวง บางรัก เขต บางรัก กรุงเทพมหานคร 10500,นายอดิศร,O
22,นายอดิศร 41 ถนน เจริญกรุง แขวง บางรัก เขต บางรัก กรุงเทพมหานคร 10500,41,ADDR
22,นายอดิศร 41 ถนน เจริญกรุง แขวง บางรัก เขต บางรัก กรุงเทพมหานคร 10500,ถนน,ADDR
22,นายอดิศร 41 ถนน เจริญกรุง แขวง บางรัก เขต บางรัก กรุงเทพมหานคร 10500,เจริญกรุง,ADDR
22,นายอดิศร 41 ถนน เจริญกรุง แขวง บางรัก เขต บางรัก กรุงเทพมหานคร 10500,แขวง,ADDR
22,นายอดิศร 41 ถนน เจริญกรุง แขวง บางรัก เขต บางรัก กรุงเทพมหานคร 10500,บางรัก,ADDR
22,นายอดิศร 41 ถนน เจริญกรุง แขวง บางรัก เขต บางรัก กรุงเทพมหานคร 10500,เขต,ADDR
22,นายอดิศร 41 ถนน เจริญกรุง แขวง บางรัก เขต บางรัก กรุงเทพมหานคร 10500,บางรัก,ADDR
22,นายอดิศร 41 ถนน เจริญกรุง แขวง บางรัก เขต บางรัก กรุงเทพมหานคร 10500,กรุงเทพมหานคร,LOC
22,นายอดิศร 41 ถนน เจริญกรุง แขวง บางรัก เขต บางรัก กรุงเทพมหานคร 10500,10500,POST
23,นางสาวสุธิดา 75 ถนน เสรีไทย แขวง คันนายาว เขต คันนายาว กรุงเทพมหานคร 10230,นางสาวสุธิดา,O
23,นางสาวสุธิดา 75 ถนน เสรีไทย แขวง คันนายาว เขต คันนายาว กรุงเทพมหานคร 10230,75,ADDR
23,นางสาวสุธิดา 75 ถนน เสรีไทย แขวง คันนายาว เขต คันนายาว กรุงเทพมหานคร 10230,ถนน,ADDR
23,นางสาวสุธิดา 75 ถนน เสรีไทย แขวง คันนายาว เขต คันนายาว กรุงเทพมหานคร 10230,เสรีไทย,ADDR
23,นางสาวสุธิดา 75 ถนน เสรีไทย แขวง คันนายาว เขต คันนายาว กรุงเทพมหานคร 10230,แขวง,ADDR
23,นางสาวสุธิดา 75 ถนน เสรีไทย แขวง คันนายาว เขต คันนายาว กรุงเทพมหานคร 10230,คันนายาว,ADDR
23,นางสาวสุธิดา 75 ถนน เสรีไทย แขวง คันนายาว เขต คันนายาว กรุงเทพมหานคร 10230,เขต,ADDR
23,นางสาวสุธิดา 75 ถนน เสรีไทย แขวง คันนายาว เขต คันนายาว กรุงเทพมหานคร 10230,คันนายาว,ADDR
23,นางสาวสุธิดา 75 ถนน เสรีไทย แขวง คันนายาว เขต คันนายาว กรุงเทพมหานคร 10230,กรุงเทพมหานคร,LOC
23,นางสาวสุธิดา 75 ถนน เสรีไทย แขวง คันนายาว เขต คันนายาว กรุงเทพมหานคร 10230,10230,POST
24,นายพีรพงษ์ 101 ถนน พุทธมณฑลสาย 1 แขวง บางด้วน เขต ภาษีเจริญ กรุงเทพมหานคร 10160,นายพีรพงษ์,ADDR
24,นายพีรพงษ์ 101 ถนน พุทธมณฑลสาย 1 แขวง บางด้วน เขต ภาษีเจริญ กรุงเทพมหานคร 10160,101,ADDR
24,นายพีรพงษ์ 101 ถนน พุทธมณฑลสาย 1 แขวง บางด้วน เขต ภาษีเจริญ กรุงเทพมหานคร 10160,ถนน,ADDR
24,นายพีรพงษ์ 101 ถนน พุทธมณฑลสาย 1 แขวง บางด้วน เขต ภาษีเจริญ กรุงเทพมหานคร 10160,พุทธมณฑลสาย,ADDR
24,นายพีรพงษ์ 101 ถนน พุทธมณฑลสาย 1 แขวง บางด้วน เขต ภาษีเจริญ กรุงเทพมหานคร 10160,1,ADDR
24,นายพีรพงษ์ 101 ถนน พุทธมณฑลสาย 1 แขวง บางด้วน เขต ภาษีเจริญ กรุงเทพมหานคร 10160,แขวง,ADDR
24,นายพีรพงษ์ 101 ถนน พุทธมณฑลสาย 1 แขวง บางด้วน เขต ภาษีเจริญ กรุงเทพมหานคร 10160,บางด้วน,ADDR
24,นายพีรพงษ์ 101 ถนน พุทธมณฑลสาย 1 แขวง บางด้วน เขต ภาษีเจริญ กรุงเทพมหานคร 10160,เขต,ADDR
24,นายพีรพงษ์ 101 ถนน พุทธมณฑลสาย 1 แขวง บางด้วน เขต ภาษีเจริญ กรุงเทพมหานคร 10160,ภาษีเจริญ,ADDR
24,นายพีรพงษ์ 101 ถนน พุทธมณฑลสาย 1 แขวง บางด้วน เขต ภาษีเจริญ กรุงเทพมหานคร 10160,กรุงเทพมหานคร,LOC
24,นายพีรพงษ์ 101 ถนน พุทธมณฑลสาย 1 แขวง บางด้วน เขต ภาษีเจริญ กรุงเทพมหานคร 10160,10160,POST

##############################
25,นางสาวปวีณา อุดม 42/1 ตำบล ปากน้ำ อำเภอ เมืองสมุทรปราการ จังหวัด สมุทรปราการ 10270,นางสาวปวีณา,ADDR
25,นางสาวปวีณา อุดม 42/1 ตำบล ปากน้ำ อำเภอ เมืองสมุทรปราการ จังหวัด สมุทรปราการ 10270,42/1,ADDR
25,นางสาวปวีณา อุดม 42/1 ตำบล ปากน้ำ อำเภอ เมืองสมุทรปราการ จังหวัด สมุทรปราการ 10270,ตำบล,ADDR
25,นางสาวปวีณา อุดม 42/1 ตำบล ปากน้ำ อำเภอ เมืองสมุทรปราการ จังหวัด สมุทรปราการ 10270,ปากน้ำ,ADDR
25,นางสาวปวีณา อุดม 42/1 ตำบล ปากน้ำ อำเภอ เมืองสมุทรปราการ จังหวัด สมุทรปราการ 10270,อำเภอ,ADDR
25,นางสาวปวีณา อุดม 42/1 ตำบล ปากน้ำ อำเภอ เมืองสมุทรปราการ จังหวัด สมุทรปราการ 10270,เมืองสมุทรปราการ,ADDR
25,นางสาวปวีณา อุดม 42/1 ตำบล ปากน้ำ อำเภอ เมืองสมุทรปราการ จังหวัด สมุทรปราการ 10270,จังหวัด,ADDR
25,นางสาวปวีณา อุดม 42/1 ตำบล ปากน้ำ อำเภอ เมืองสมุทรปราการ จังหวัด สมุทรปราการ 10270,สมุทรปราการ,LOC
25,นางสาวปวีณา อุดม 42/1 ตำบล ปากน้ำ อำเภอ เมืองสมุทรปราการ จังหวัด สมุทรปราการ 10270,10270,POST
26,นายมงคล สุทธิวรรณ 123/4 ตำบล บ้านไกล อำเภอ เมือง จังหวัด ลพบุรี 15000,นายมงคล,ADDR
26,นายมงคล สุทธิวรรณ 123/4 ตำบล บ้านไกล อำเภอ เมือง จังหวัด ลพบุรี 15000,123/4,ADDR
26,นายมงคล สุทธิวรรณ 123/4 ตำบล บ้านไกล อำเภอ เมือง จังหวัด ลพบุรี 15000,ตำบล,ADDR
26,นายมงคล สุทธิวรรณ 123/4 ตำบล บ้านไกล อำเภอ เมือง จังหวัด ลพบุรี 15000,บ้านไกล,ADDR
26,นายมงคล สุทธิวรรณ 123/4 ตำบล บ้านไกล อำเภอ เมือง จังหวัด ลพบุรี 15000,อำเภอ,ADDR
26,นายมงคล สุทธิวรรณ 123/4 ตำบล บ้านไกล อำเภอ เมือง จังหวัด ลพบุรี 15000,เมือง,ADDR
26,นายมงคล สุทธิวรรณ 123/4 ตำบล บ้านไกล อำเภอ เมือง จังหวัด ลพบุรี 15000,จังหวัด,ADDR
26,นายมงคล สุทธิวรรณ 123/4 ตำบล บ้านไกล อำเภอ เมือง จังหวัด ลพบุรี 15000,ลพบุรี,ADDR
26,นายมงคล สุทธิวรรณ 123/4 ตำบล บ้านไกล อำเภอ เมือง จังหวัด ลพบุรี 15000,15000,POST
27,นางสาวมณีใจ วรเศรษฐ์ 89/1 ตำบล แม่เหียะ อำเภอ เมืองเชียงใหม่ จังหวัด เชียงใหม่ 50100,นางสาวมณีใจ,ADDR
27,นางสาวมณีใจ วรเศรษฐ์ 89/1 ตำบล แม่เหียะ อำเภอ เมืองเชียงใหม่ จังหวัด เชียงใหม่ 50100,89/1,ADDR
27,นางสาวมณีใจ วรเศรษฐ์ 89/1 ตำบล แม่เหียะ อำเภอ เมืองเชียงใหม่ จังหวัด เชียงใหม่ 50100,ตำบล,ADDR
27,นางสาวมณีใจ วรเศรษฐ์ 89/1 ตำบล แม่เหียะ อำเภอ เมืองเชียงใหม่ จังหวัด เชียงใหม่ 50100,แม่เหียะ,ADDR
27,นางสาวมณีใจ วรเศรษฐ์ 89/1 ตำบล แม่เหียะ อำเภอ เมืองเชียงใหม่ จังหวัด เชียงใหม่ 50100,อำเภอ,ADDR
27,นางสาวมณีใจ วรเศรษฐ์ 89/1 ตำบล แม่เหียะ อำเภอ เมืองเชียงใหม่ จังหวัด เชียงใหม่ 50100,เมืองเชียงใหม่,ADDR
27,นางสาวมณีใจ วรเศรษฐ์ 89/1 ตำบล แม่เหียะ อำเภอ เมืองเชียงใหม่ จังหวัด เชียงใหม่ 50100,จังหวัด,ADDR
27,นางสาวมณีใจ วรเศรษฐ์ 89/1 ตำบล แม่เหียะ อำเภอ เมืองเชียงใหม่ จังหวัด เชียงใหม่ 50100,เชียงใหม่,LOC
27,นางสาวมณีใจ วรเศรษฐ์ 89/1 ตำบล แม่เหียะ อำเภอ เมืองเชียงใหม่ จังหวัด เชียงใหม่ 50100,50100,POST
28,นายวัฒน์ชัย ภัทรเกียรติ 56/7 ตำบล หนองหิน อำเภอ หนองหิน จังหวัด เลย 42190,นายวัฒน์ชัย,ADDR
28,นายวัฒน์ชัย ภัทรเกียรติ 56/7 ตำบล หนองหิน อำเภอ หนองหิน จังหวัด เลย 42190,56/7,ADDR
28,นายวัฒน์ชัย ภัทรเกียรติ 56/7 ตำบล หนองหิน อำเภอ หนองหิน จังหวัด เลย 42190,ตำบล,ADDR
28,นายวัฒน์ชัย ภัทรเกียรติ 56/7 ตำบล หนองหิน อำเภอ หนองหิน จังหวัด เลย 42190,หนองหิน,ADDR
28,นายวัฒน์ชัย ภัทรเกียรติ 56/7 ตำบล หนองหิน อำเภอ หนองหิน จังหวัด เลย 42190,อำเภอ,ADDR
28,นายวัฒน์ชัย ภัทรเกียรติ 56/7 ตำบล หนองหิน อำเภอ หนองหิน จังหวัด เลย 42190,หนองหิน,ADDR
28,นายวัฒน์ชัย ภัทรเกียรติ 56/7 ตำบล หนองหิน อำเภอ หนองหิน จังหวัด เลย 42190,จังหวัด,ADDR
28,นายวัฒน์ชัย ภัทรเกียรติ 56/7 ตำบล หนองหิน อำเภอ หนองหิน จังหวัด เลย 42190,เลย,LOC
28,นายวัฒน์ชัย ภัทรเกียรติ 56/7 ตำบล หนองหิน อำเภอ หนองหิน จังหวัด เลย 42190,42190,POST
29,นางสาวสุวรรณา อมรศักดิ์ 45/3 ตำบล ป่าแดด อำเภอ เมือง จังหวัด เชียงราย 57000,นางสาวสุวรรณา,ADDR
29,นางสาวสุวรรณา อมรศักดิ์ 45/3 ตำบล ป่าแดด อำเภอ เมือง จังหวัด เชียงราย 57000,45/3,ADDR
29,นางสาวสุวรรณา อมรศักดิ์ 45/3 ตำบล ป่าแดด อำเภอ เมือง จังหวัด เชียงราย 57000,ตำบล,ADDR
29,นางสาวสุวรรณา อมรศักดิ์ 45/3 ตำบล ป่าแดด อำเภอ เมือง จังหวัด เชียงราย 57000,ป่าแดด,ADDR
29,นางสาวสุวรรณา อมรศักดิ์ 45/3 ตำบล ป่าแดด อำเภอ เมือง จังหวัด เชียงราย 57000,อำเภอ,ADDR
29,นางสาวสุวรรณา อมรศักดิ์ 45/3 ตำบล ป่าแดด อำเภอ เมือง จังหวัด เชียงราย 57000,เมือง,ADDR
29,นางสาวสุวรรณา อมรศักดิ์ 45/3 ตำบล ป่าแดด อำเภอ เมือง จังหวัด เชียงราย 57000,จังหวัด,ADDR
29,นางสาวสุวรรณา อมรศักดิ์ 45/3 ตำบล ป่าแดด อำเภอ เมือง จังหวัด เชียงราย 57000,เชียงราย,LOC
29,นางสาวสุวรรณา อมรศักดิ์ 45/3 ตำบล ป่าแดด อำเภอ เมือง จังหวัด เชียงราย 57000,57000,POST
30,นายพงษ์ศักดิ์ รัตนคุณ 28/6 ตำบล ปากช่อง อำเภอ ปากช่อง จังหวัด นครราชสีมา 30130,นายพงษ์ศักดิ์,ADDR
30,นายพงษ์ศักดิ์ รัตนคุณ 28/6 ตำบล ปากช่อง อำเภอ ปากช่อง จังหวัด นครราชสีมา 30130,28/6,ADDR
30,นายพงษ์ศักดิ์ รัตนคุณ 28/6 ตำบล ปากช่อง อำเภอ ปากช่อง จังหวัด นครราชสีมา 30130,ตำบล,ADDR
30,นายพงษ์ศักดิ์ รัตนคุณ 28/6 ตำบล ปากช่อง อำเภอ ปากช่อง จังหวัด นครราชสีมา 30130,ปากช่อง,ADDR
30,นายพงษ์ศักดิ์ รัตนคุณ 28/6 ตำบล ปากช่อง อำเภอ ปากช่อง จังหวัด นครราชสีมา 30130,อำเภอ,ADDR
30,นายพงษ์ศักดิ์ รัตนคุณ 28/6 ตำบล ปากช่อง อำเภอ ปากช่อง จังหวัด นครราชสีมา 30130,ปากช่อง,ADDR
30,นายพงษ์ศักดิ์ รัตนคุณ 28/6 ตำบล ปากช่อง อำเภอ ปากช่อง จังหวัด นครราชสีมา 30130,จังหวัด,ADDR
30,นายพงษ์ศักดิ์ รัตนคุณ 28/6 ตำบล ปากช่อง อำเภอ ปากช่อง จังหวัด นครราชสีมา 30130,นครราชสีมา,ADDR
30,นายพงษ์ศักดิ์ รัตนคุณ 28/6 ตำบล ปากช่อง อำเภอ ปากช่อง จังหวัด นครราชสีมา 30130,30130,POST
31,นางสาวยุพิน พิพัฒน์โชติ 779 ตำบล ชุมแพ อำเภอ ชุมแพ จังหวัด ขอนแก่น 40130,นางสาวยุพิน,ADDR
31,นางสาวยุพิน พิพัฒน์โชติ 779 ตำบล ชุมแพ อำเภอ ชุมแพ จังหวัด ขอนแก่น 40130,779,ADDR
31,นางสาวยุพิน พิพัฒน์โชติ 779 ตำบล ชุมแพ อำเภอ ชุมแพ จังหวัด ขอนแก่น 40130,ตำบล,ADDR
31,นางสาวยุพิน พิพัฒน์โชติ 779 ตำบล ชุมแพ อำเภอ ชุมแพ จังหวัด ขอนแก่น 40130,ชุมแพ,ADDR
31,นางสาวยุพิน พิพัฒน์โชติ 779 ตำบล ชุมแพ อำเภอ ชุมแพ จังหวัด ขอนแก่น 40130,อำเภอ,ADDR
31,นางสาวยุพิน พิพัฒน์โชติ 779 ตำบล ชุมแพ อำเภอ ชุมแพ จังหวัด ขอนแก่น 40130,ชุมแพ,ADDR
31,นางสาวยุพิน พิพัฒน์โชติ 779 ตำบล ชุมแพ อำเภอ ชุมแพ จังหวัด ขอนแก่น 40130,จังหวัด,ADDR
31,นางสาวยุพิน พิพัฒน์โชติ 779 ตำบล ชุมแพ อำเภอ ชุมแพ จังหวัด ขอนแก่น 40130,ขอนแก่น,LOC
31,นางสาวยุพิน พิพัฒน์โชติ 779 ตำบล ชุมแพ อำเภอ ชุมแพ จังหวัด ขอนแก่น 40130,40130,POST
32,นายธนภูมิ ชัยชนะ 992 ตำบล น้ำอ้อม อำเภอ กันทรลักษ์ จังหวัด ศรีสะเกษ 33110,นายธนภูมิ,ADDR
32,นายธนภูมิ ชัยชนะ 992 ตำบล น้ำอ้อม อำเภอ กันทรลักษ์ จังหวัด ศรีสะเกษ 33110,992,ADDR
32,นายธนภูมิ ชัยชนะ 992 ตำบล น้ำอ้อม อำเภอ กันทรลักษ์ จังหวัด ศรีสะเกษ 33110,ตำบล,ADDR
32,นายธนภูมิ ชัยชนะ 992 ตำบล น้ำอ้อม อำเภอ กันทรลักษ์ จังหวัด ศรีสะเกษ 33110,น้ำอ้อม,ADDR
32,นายธนภูมิ ชัยชนะ 992 ตำบล น้ำอ้อม อำเภอ กันทรลักษ์ จังหวัด ศรีสะเกษ 33110,อำเภอ,ADDR
32,นายธนภูมิ ชัยชนะ 992 ตำบล น้ำอ้อม อำเภอ กันทรลักษ์ จังหวัด ศรีสะเกษ 33110,กันทรลักษ์,ADDR
32,นายธนภูมิ ชัยชนะ 992 ตำบล น้ำอ้อม อำเภอ กันทรลักษ์ จังหวัด ศรีสะเกษ 33110,จังหวัด,ADDR
32,นายธนภูมิ ชัยชนะ 992 ตำบล น้ำอ้อม อำเภอ กันทรลักษ์ จังหวัด ศรีสะเกษ 33110,ศรีสะเกษ,ADDR
32,นายธนภูมิ ชัยชนะ 992 ตำบล น้ำอ้อม อำเภอ กันทรลักษ์ จังหวัด ศรีสะเกษ 33110,33110,POST
33,นางสาวสมฤดี จันทร์ศิริ 128 ตำบล ริมเหนือ อำเภอ เวียงแก่น จังหวัด เชียงราย 57310,นางสาวสมฤดี,ADDR
33,นางสาวสมฤดี จันทร์ศิริ 128 ตำบล ริมเหนือ อำเภอ เวียงแก่น จังหวัด เชียงราย 57310,128,ADDR
33,นางสาวสมฤดี จันทร์ศิริ 128 ตำบล ริมเหนือ อำเภอ เวียงแก่น จังหวัด เชียงราย 57310,ตำบล,ADDR
33,นางสาวสมฤดี จันทร์ศิริ 128 ตำบล ริมเหนือ อำเภอ เวียงแก่น จังหวัด เชียงราย 57310,ริมเหนือ,ADDR
33,นางสาวสมฤดี จันทร์ศิริ 128 ตำบล ริมเหนือ อำเภอ เวียงแก่น จังหวัด เชียงราย 57310,อำเภอ,ADDR
33,นางสาวสมฤดี จันทร์ศิริ 128 ตำบล ริมเหนือ อำเภอ เวียงแก่น จังหวัด เชียงราย 57310,เวียงแก่น,ADDR
33,นางสาวสมฤดี จันทร์ศิริ 128 ตำบล ริมเหนือ อำเภอ เวียงแก่น จังหวัด เชียงราย 57310,จังหวัด,ADDR
33,นางสาวสมฤดี จันทร์ศิริ 128 ตำบล ริมเหนือ อำเภอ เวียงแก่น จังหวัด เชียงราย 57310,เชียงราย,LOC
33,นางสาวสมฤดี จันทร์ศิริ 128 ตำบล ริมเหนือ อำเภอ เวียงแก่น จังหวัด เชียงราย 57310,57310,POST
34,นายอดิศักดิ์ กิตติกูล 3214 ตำบล หนองจ๊อม อำเภอ สันทราย จังหวัด เชียงใหม่ 50210,นายอดิศักดิ์,ADDR
34,นายอดิศักดิ์ กิตติกูล 3214 ตำบล หนองจ๊อม อำเภอ สันทราย จังหวัด เชียงใหม่ 50210,3214,ADDR
34,นายอดิศักดิ์ กิตติกูล 3214 ตำบล หนองจ๊อม อำเภอ สันทราย จังหวัด เชียงใหม่ 50210,ตำบล,ADDR
34,นายอดิศักดิ์ กิตติกูล 3214 ตำบล หนองจ๊อม อำเภอ สันทราย จังหวัด เชียงใหม่ 50210,หนองจ๊อม,ADDR
34,นายอดิศักดิ์ กิตติกูล 3214 ตำบล หนองจ๊อม อำเภอ สันทราย จังหวัด เชียงใหม่ 50210,อำเภอ,ADDR
34,นายอดิศักดิ์ กิตติกูล 3214 ตำบล หนองจ๊อม อำเภอ สันทราย จังหวัด เชียงใหม่ 50210,สันทราย,ADDR
34,นายอดิศักดิ์ กิตติกูล 3214 ตำบล หนองจ๊อม อำเภอ สันทราย จังหวัด เชียงใหม่ 50210,จังหวัด,ADDR
34,นายอดิศักดิ์ กิตติกูล 3214 ตำบล หนองจ๊อม อำเภอ สันทราย จังหวัด เชียงใหม่ 50210,เชียงใหม่,LOC
34,นายอดิศักดิ์ กิตติกูล 3214 ตำบล หนองจ๊อม อำเภอ สันทราย จังหวัด เชียงใหม่ 50210,50210,POST
35,นางสาวอัญชลี นภาวดี 512 ตำบล ไชยสถาน อำเภอ สารภี จังหวัด เชียงใหม่ 50140,นางสาวอัญชลี,ADDR
35,นางสาวอัญชลี นภาวดี 512 ตำบล ไชยสถาน อำเภอ สารภี จังหวัด เชียงใหม่ 50140,512,ADDR
35,นางสาวอัญชลี นภาวดี 512 ตำบล ไชยสถาน อำเภอ สารภี จังหวัด เชียงใหม่ 50140,ตำบล,ADDR
35,นางสาวอัญชลี นภาวดี 512 ตำบล ไชยสถาน อำเภอ สารภี จังหวัด เชียงใหม่ 50140,ไชยสถาน,ADDR
35,นางสาวอัญชลี นภาวดี 512 ตำบล ไชยสถาน อำเภอ สารภี จังหวัด เชียงใหม่ 50140,อำเภอ,ADDR
35,นางสาวอัญชลี นภาวดี 512 ตำบล ไชยสถาน อำเภอ สารภี จังหวัด เชียงใหม่ 50140,สารภี,ADDR
35,นางสาวอัญชลี นภาวดี 512 ตำบล ไชยสถาน อำเภอ สารภี จังหวัด เชียงใหม่ 50140,จังหวัด,ADDR
35,นางสาวอัญชลี นภาวดี 512 ตำบล ไชยสถาน อำเภอ สารภี จังหวัด เชียงใหม่ 50140,เชียงใหม่,LOC
35,นางสาวอัญชลี นภาวดี 512 ตำบล ไชยสถาน อำเภอ สารภี จังหวัด เชียงใหม่ 50140,50140,POST
36,นายบุญเรือง ใจงาม 441 ตำบล ท่าข้าม อำเภอ บ้านดุง จังหวัด อุดรธานี 41190,นายบุญเรือง,ADDR
36,นายบุญเรือง ใจงาม 441 ตำบล ท่าข้าม อำเภอ บ้านดุง จังหวัด อุดรธานี 41190,441,ADDR
36,นายบุญเรือง ใจงาม 441 ตำบล ท่าข้าม อำเภอ บ้านดุง จังหวัด อุดรธานี 41190,ตำบล,ADDR
36,นายบุญเรือง ใจงาม 441 ตำบล ท่าข้าม อำเภอ บ้านดุง จังหวัด อุดรธานี 41190,ท่าข้าม,ADDR
36,นายบุญเรือง ใจงาม 441 ตำบล ท่าข้าม อำเภอ บ้านดุง จังหวัด อุดรธานี 41190,อำเภอ,ADDR
36,นายบุญเรือง ใจงาม 441 ตำบล ท่าข้าม อำเภอ บ้านดุง จังหวัด อุดรธานี 41190,บ้านดุง,ADDR
36,นายบุญเรือง ใจงาม 441 ตำบล ท่าข้าม อำเภอ บ้านดุง จังหวัด อุดรธานี 41190,จังหวัด,ADDR
36,นายบุญเรือง ใจงาม 441 ตำบล ท่าข้าม อำเภอ บ้านดุง จังหวัด อุดรธานี 41190,อุดรธานี,LOC
36,นายบุญเรือง ใจงาม 441 ตำบล ท่าข้าม อำเภอ บ้านดุง จังหวัด อุดรธานี 41190,41190,POST

##############################

37,นางสาวศิริลักษณ์ 14/3 ตำบล หนองบัว อำเภอ หนองบัว จังหวัด นครสวรรค์ 60110,นางสาวศิริลักษณ์,ADDR
37,นางสาวศิริลักษณ์ 14/3 ตำบล หนองบัว อำเภอ หนองบัว จังหวัด นครสวรรค์ 60110,14/3,ADDR
37,นางสาวศิริลักษณ์ 14/3 ตำบล หนองบัว อำเภอ หนองบัว จังหวัด นครสวรรค์ 60110,ตำบล,ADDR
37,นางสาวศิริลักษณ์ 14/3 ตำบล หนองบัว อำเภอ หนองบัว จังหวัด นครสวรรค์ 60110,หนองบัว,ADDR
37,นางสาวศิริลักษณ์ 14/3 ตำบล หนองบัว อำเภอ หนองบัว จังหวัด นครสวรรค์ 60110,อำเภอ,ADDR
37,นางสาวศิริลักษณ์ 14/3 ตำบล หนองบัว อำเภอ หนองบัว จังหวัด นครสวรรค์ 60110,หนองบัว,ADDR
37,นางสาวศิริลักษณ์ 14/3 ตำบล หนองบัว อำเภอ หนองบัว จังหวัด นครสวรรค์ 60110,จังหวัด,ADDR
37,นางสาวศิริลักษณ์ 14/3 ตำบล หนองบัว อำเภอ หนองบัว จังหวัด นครสวรรค์ 60110,นครสวรรค์,LOC
37,นางสาวศิริลักษณ์ 14/3 ตำบล หนองบัว อำเภอ หนองบัว จังหวัด นครสวรรค์ 60110,60110,POST
38,นายเดชา 67/5 ตำบล แก่งกระจาน อำเภอ แก่งกระจาน จังหวัด เพชรบุรี 76170,นายเดชา,ADDR
38,นายเดชา 67/5 ตำบล แก่งกระจาน อำเภอ แก่งกระจาน จังหวัด เพชรบุรี 76170,67/5,ADDR
38,นายเดชา 67/5 ตำบล แก่งกระจาน อำเภอ แก่งกระจาน จังหวัด เพชรบุรี 76170,ตำบล,ADDR
38,นายเดชา 67/5 ตำบล แก่งกระจาน อำเภอ แก่งกระจาน จังหวัด เพชรบุรี 76170,แก่งกระจาน,ADDR
38,นายเดชา 67/5 ตำบล แก่งกระจาน อำเภอ แก่งกระจาน จังหวัด เพชรบุรี 76170,อำเภอ,ADDR
38,นายเดชา 67/5 ตำบล แก่งกระจาน อำเภอ แก่งกระจาน จังหวัด เพชรบุรี 76170,แก่งกระจาน,ADDR
38,นายเดชา 67/5 ตำบล แก่งกระจาน อำเภอ แก่งกระจาน จังหวัด เพชรบุรี 76170,จังหวัด,ADDR
38,นายเดชา 67/5 ตำบล แก่งกระจาน อำเภอ แก่งกระจาน จังหวัด เพชรบุรี 76170,เพชรบุรี,ADDR
38,นายเดชา 67/5 ตำบล แก่งกระจาน อำเภอ แก่งกระจาน จังหวัด เพชรบุรี 76170,76170,POST
39,นางสาววิไล 88/10 ตำบล บ้านใหม่ อำเภอ เมือง จังหวัด ปทุมธานี 12000,นางสาววิไล,ADDR
39,นางสาววิไล 88/10 ตำบล บ้านใหม่ อำเภอ เมือง จังหวัด ปทุมธานี 12000,88/10,ADDR
39,นางสาววิไล 88/10 ตำบล บ้านใหม่ อำเภอ เมือง จังหวัด ปทุมธานี 12000,ตำบล,ADDR
39,นางสาววิไล 88/10 ตำบล บ้านใหม่ อำเภอ เมือง จังหวัด ปทุมธานี 12000,บ้านใหม่,ADDR
39,นางสาววิไล 88/10 ตำบล บ้านใหม่ อำเภอ เมือง จังหวัด ปทุมธานี 12000,อำเภอ,ADDR
39,นางสาววิไล 88/10 ตำบล บ้านใหม่ อำเภอ เมือง จังหวัด ปทุมธานี 12000,เมือง,ADDR
39,นางสาววิไล 88/10 ตำบล บ้านใหม่ อำเภอ เมือง จังหวัด ปทุมธานี 12000,จังหวัด,ADDR
39,นางสาววิไล 88/10 ตำบล บ้านใหม่ อำเภอ เมือง จังหวัด ปทุมธานี 12000,ปทุมธานี,LOC
39,นางสาววิไล 88/10 ตำบล บ้านใหม่ อำเภอ เมือง จังหวัด ปทุมธานี 12000,12000,POST
40,นายสุริยา 100/5 ตำบล นาสวน อำเภอ ศรีสวัสดิ์ จังหวัด กาญจนบุรี 71250,นายสุริยา,ADDR
40,นายสุริยา 100/5 ตำบล นาสวน อำเภอ ศรีสวัสดิ์ จังหวัด กาญจนบุรี 71250,100/5,ADDR
40,นายสุริยา 100/5 ตำบล นาสวน อำเภอ ศรีสวัสดิ์ จังหวัด กาญจนบุรี 71250,ตำบล,ADDR
40,นายสุริยา 100/5 ตำบล นาสวน อำเภอ ศรีสวัสดิ์ จังหวัด กาญจนบุรี 71250,นาสวน,ADDR
40,นายสุริยา 100/5 ตำบล นาสวน อำเภอ ศรีสวัสดิ์ จังหวัด กาญจนบุรี 71250,อำเภอ,ADDR
40,นายสุริยา 100/5 ตำบล นาสวน อำเภอ ศรีสวัสดิ์ จังหวัด กาญจนบุรี 71250,ศรีสวัสดิ์,ADDR
40,นายสุริยา 100/5 ตำบล นาสวน อำเภอ ศรีสวัสดิ์ จังหวัด กาญจนบุรี 71250,จังหวัด,ADDR
40,นายสุริยา 100/5 ตำบล นาสวน อำเภอ ศรีสวัสดิ์ จังหวัด กาญจนบุรี 71250,กาญจนบุรี,LOC
40,นายสุริยา 100/5 ตำบล นาสวน อำเภอ ศรีสวัสดิ์ จังหวัด กาญจนบุรี 71250,71250,POST
41,นางสาวรัตนา 35/8 ตำบล หัวทะเล อำเภอ เมือง จังหวัด นครราชสีมา 30000,นางสาวรัตนา,ADDR
41,นางสาวรัตนา 35/8 ตำบล หัวทะเล อำเภอ เมือง จังหวัด นครราชสีมา 30000,ตำบล,ADDR
41,นางสาวรัตนา 35/8 ตำบล หัวทะเล อำเภอ เมือง จังหวัด นครราชสีมา 30000,35/8,ADDR
41,นางสาวรัตนา 35/8 ตำบล หัวทะเล อำเภอ เมือง จังหวัด นครราชสีมา 30000,ตำบล,ADDR
41,นางสาวรัตนา 35/8 ตำบล หัวทะเล อำเภอ เมือง จังหวัด นครราชสีมา 30000,หัวทะเล,ADDR
41,นางสาวรัตนา 35/8 ตำบล หัวทะเล อำเภอ เมือง จังหวัด นครราชสีมา 30000,อำเภอ,ADDR
41,นางสาวรัตนา 35/8 ตำบล หัวทะเล อำเภอ เมือง จังหวัด นครราชสีมา 30000,เมือง,ADDR
41,นางสาวรัตนา 35/8 ตำบล หัวทะเล อำเภอ เมือง จังหวัด นครราชสีมา 30000,จังหวัด,ADDR
41,นางสาวรัตนา 35/8 ตำบล หัวทะเล อำเภอ เมือง จังหวัด นครราชสีมา 30000,นครราชสีมา,ADDR
41,นางสาวรัตนา 35/8 ตำบล หัวทะเล อำเภอ เมือง จังหวัด นครราชสีมา 30000,30000,POST
42,นายสมบูรณ์ 12/7 ตำบล ศรีสงคราม อำเภอ ศรีสงคราม จังหวัด นครพนม 48150,นายสมบูรณ์,ADDR
42,นายสมบูรณ์ 12/7 ตำบล ศรีสงคราม อำเภอ ศรีสงคราม จังหวัด นครพนม 48150,12/7,ADDR
42,นายสมบูรณ์ 12/7 ตำบล ศรีสงคราม อำเภอ ศรีสงคราม จังหวัด นครพนม 48150,ตำบล,ADDR
42,นายสมบูรณ์ 12/7 ตำบล ศรีสงคราม อำเภอ ศรีสงคราม จังหวัด นครพนม 48150,ศรีสงคราม,ADDR
42,นายสมบูรณ์ 12/7 ตำบล ศรีสงคราม อำเภอ ศรีสงคราม จังหวัด นครพนม 48150,อำเภอ,ADDR
42,นายสมบูรณ์ 12/7 ตำบล ศรีสงคราม อำเภอ ศรีสงคราม จังหวัด นครพนม 48150,ศรีสงคราม,ADDR
42,นายสมบูรณ์ 12/7 ตำบล ศรีสงคราม อำเภอ ศรีสงคราม จังหวัด นครพนม 48150,จังหวัด,ADDR
42,นายสมบูรณ์ 12/7 ตำบล ศรีสงคราม อำเภอ ศรีสงคราม จังหวัด นครพนม 48150,นครพนม,LOC
42,นายสมบูรณ์ 12/7 ตำบล ศรีสงคราม อำเภอ ศรีสงคราม จังหวัด นครพนม 48150,48150,POST
43,นางสาวอารยา 199 ตำบล หนองแสง อำเภอ เมืองอุดรธานี จังหวัด อุดรธานี 41000,นางสาวอารยา,O
43,นางสาวอารยา 199 ตำบล หนองแสง อำเภอ เมืองอุดรธานี จังหวัด อุดรธานี 41000,199,ADDR
43,นางสาวอารยา 199 ตำบล หนองแสง อำเภอ เมืองอุดรธานี จังหวัด อุดรธานี 41000,ตำบล,ADDR
43,นางสาวอารยา 199 ตำบล หนองแสง อำเภอ เมืองอุดรธานี จังหวัด อุดรธานี 41000,หนองแสง,ADDR
43,นางสาวอารยา 199 ตำบล หนองแสง อำเภอ เมืองอุดรธานี จังหวัด อุดรธานี 41000,อำเภอ,ADDR
43,นางสาวอารยา 199 ตำบล หนองแสง อำเภอ เมืองอุดรธานี จังหวัด อุดรธานี 41000,เมืองอุดรธานี,ADDR
43,นางสาวอารยา 199 ตำบล หนองแสง อำเภอ เมืองอุดรธานี จังหวัด อุดรธานี 41000,จังหวัด,ADDR
43,นางสาวอารยา 199 ตำบล หนองแสง อำเภอ เมืองอุดรธานี จังหวัด อุดรธานี 41000,อุดรธานี,LOC
43,นางสาวอารยา 199 ตำบล หนองแสง อำเภอ เมืองอุดรธานี จังหวัด อุดรธานี 41000,41000,POST
44,นายทวีศักดิ์ 584 ตำบล สะเดา อำเภอ สะเดา จังหวัด สงขลา 90120,นายทวีศักดิ์,O
44,นายทวีศักดิ์ 584 ตำบล สะเดา อำเภอ สะเดา จังหวัด สงขลา 90120,584,ADDR
44,นายทวีศักดิ์ 584 ตำบล สะเดา อำเภอ สะเดา จังหวัด สงขลา 90120,ตำบล,ADDR
44,นายทวีศักดิ์ 584 ตำบล สะเดา อำเภอ สะเดา จังหวัด สงขลา 90120,สะเดา,ADDR
44,นายทวีศักดิ์ 584 ตำบล สะเดา อำเภอ สะเดา จังหวัด สงขลา 90120,อำเภอ,ADDR
44,นายทวีศักดิ์ 584 ตำบล สะเดา อำเภอ สะเดา จังหวัด สงขลา 90120,สะเดา,ADDR
44,นายทวีศักดิ์ 584 ตำบล สะเดา อำเภอ สะเดา จังหวัด สงขลา 90120,จังหวัด,ADDR
44,นายทวีศักดิ์ 584 ตำบล สะเดา อำเภอ สะเดา จังหวัด สงขลา 90120,สงขลา,ADDR
44,นายทวีศักดิ์ 584 ตำบล สะเดา อำเภอ สะเดา จังหวัด สงขลา 90120,90120,POST
45,นางสาวจารุวรรณ 452 ตำบล สามพราน อำเภอ สามพราน จังหวัด นครปฐม 73110,นางสาวจารุวรรณ,O
45,นางสาวจารุวรรณ 452 ตำบล สามพราน อำเภอ สามพราน จังหวัด นครปฐม 73110,452,ADDR
45,นางสาวจารุวรรณ 452 ตำบล สามพราน อำเภอ สามพราน จังหวัด นครปฐม 73110,ตำบล,ADDR
45,นางสาวจารุวรรณ 452 ตำบล สามพราน อำเภอ สามพราน จังหวัด นครปฐม 73110,สามพราน,ADDR
45,นางสาวจารุวรรณ 452 ตำบล สามพราน อำเภอ สามพราน จังหวัด นครปฐม 73110,อำเภอ,ADDR
45,นางสาวจารุวรรณ 452 ตำบล สามพราน อำเภอ สามพราน จังหวัด นครปฐม 73110,สามพราน,ADDR
45,นางสาวจารุวรรณ 452 ตำบล สามพราน อำเภอ สามพราน จังหวัด นครปฐม 73110,จังหวัด,ADDR
45,นางสาวจารุวรรณ 452 ตำบล สามพราน อำเภอ สามพราน จังหวัด นครปฐม 73110,นครปฐม,ADDR
45,นางสาวจารุวรรณ 452 ตำบล สามพราน อำเภอ สามพราน จังหวัด นครปฐม 73110,73110,POST
46,นายชาตรี 773 ตำบล หนองขาม อำเภอ ศรีราชา จังหวัด ชลบุรี 20230,นายชาตรี,O
46,นายชาตรี 773 ตำบล หนองขาม อำเภอ ศรีราชา จังหวัด ชลบุรี 20230,773,ADDR
46,นายชาตรี 773 ตำบล หนองขาม อำเภอ ศรีราชา จังหวัด ชลบุรี 20230,ตำบล,ADDR
46,นายชาตรี 773 ตำบล หนองขาม อำเภอ ศรีราชา จังหวัด ชลบุรี 20230,หนองขาม,ADDR
46,นายชาตรี 773 ตำบล หนองขาม อำเภอ ศรีราชา จังหวัด ชลบุรี 20230,อำเภอ,ADDR
46,นายชาตรี 773 ตำบล หนองขาม อำเภอ ศรีราชา จังหวัด ชลบุรี 20230,ศรีราชา,ADDR
46,นายชาตรี 773 ตำบล หนองขาม อำเภอ ศรีราชา จังหวัด ชลบุรี 20230,จังหวัด,ADDR
46,นายชาตรี 773 ตำบล หนองขาม อำเภอ ศรีราชา จังหวัด ชลบุรี 20230,ชลบุรี,LOC
46,นายชาตรี 773 ตำบล หนองขาม อำเภอ ศรีราชา จังหวัด ชลบุรี 20230,20230,POST
47,นางสาวเพ็ญศรี 194 ตำบล บ้านเพ อำเภอ เมืองระยอง จังหวัด ระยอง 21160,นางสาวเพ็ญศรี,O
47,นางสาวเพ็ญศรี 194 ตำบล บ้านเพ อำเภอ เมืองระยอง จังหวัด ระยอง 21160,194,ADDR
47,นางสาวเพ็ญศรี 194 ตำบล บ้านเพ อำเภอ เมืองระยอง จังหวัด ระยอง 21160,ตำบล,ADDR
47,นางสาวเพ็ญศรี 194 ตำบล บ้านเพ อำเภอ เมืองระยอง จังหวัด ระยอง 21160,บ้านเพ,ADDR
47,นางสาวเพ็ญศรี 194 ตำบล บ้านเพ อำเภอ เมืองระยอง จังหวัด ระยอง 21160,อำเภอ,ADDR
47,นางสาวเพ็ญศรี 194 ตำบล บ้านเพ อำเภอ เมืองระยอง จังหวัด ระยอง 21160,เมืองระยอง,ADDR
47,นางสาวเพ็ญศรี 194 ตำบล บ้านเพ อำเภอ เมืองระยอง จังหวัด ระยอง 21160,จังหวัด,ADDR
47,นางสาวเพ็ญศรี 194 ตำบล บ้านเพ อำเภอ เมืองระยอง จังหวัด ระยอง 21160,ระยอง,ADDR
47,นางสาวเพ็ญศรี 194 ตำบล บ้านเพ อำเภอ เมืองระยอง จังหวัด ระยอง 21160,21160,POST
48,นายทนงค์ 107 ตำบล น้ำโสม อำเภอ น้ำโสม จังหวัด อุดรธานี 41210,นายทนงค์,O
48,นายทนงค์ 107 ตำบล น้ำโสม อำเภอ น้ำโสม จังหวัด อุดรธานี 41210,107,ADDR
48,นายทนงค์ 107 ตำบล น้ำโสม อำเภอ น้ำโสม จังหวัด อุดรธานี 41210,ตำบล,ADDR
48,นายทนงค์ 107 ตำบล น้ำโสม อำเภอ น้ำโสม จังหวัด อุดรธานี 41210,น้ำโสม,ADDR
48,นายทนงค์ 107 ตำบล น้ำโสม อำเภอ น้ำโสม จังหวัด อุดรธานี 41210,อำเภอ,ADDR
48,นายทนงค์ 107 ตำบล น้ำโสม อำเภอ น้ำโสม จังหวัด อุดรธานี 41210,น้ำโสม,ADDR
48,นายทนงค์ 107 ตำบล น้ำโสม อำเภอ น้ำโสม จังหวัด อุดรธานี 41210,จังหวัด,ADDR
48,นายทนงค์ 107 ตำบล น้ำโสม อำเภอ น้ำโสม จังหวัด อุดรธานี 41210,อุดรธานี,LOC
48,นายทนงค์ 107 ตำบล น้ำโสม อำเภอ น้ำโสม จังหวัด อุดรธานี 41210,41210,POST

